Timestamp,What is your name or the name of your team?,What is your Discord handle (if applicable)?,What is your email contact information?,"Do you have any other contact information you wish to provide to others (i.e., twitter, mastodon, bluesky, etc.)?",Is this a new listing or an update to an existing listing?,Will this be a Badge or a shitty add on (SAO)?,"What is the name or title of your badge or SAO (if you do not have a name yet, please enter TBD)?","Is there a video or trailer concerning your team or creation? If so, please provide the link below.","Is there a storefront for sales or pre-sales? If so, please provide the link below.",Is there a link to the repo for the code or firmware updates?,"Concerning acquisition of the Badge/SAO by others, will there be a price or will there be actions to perform in order to gain said item? If you will have a price, what will it be (approximate is ok, we will mark it as such)?","Are there any functions or outlandish features you wish to list? ASHPD's, Plumbus (or is it Plumbi) or other portal guns are a fan favorite."
5/25/2026 12:01:01,Bradán Lane,bradanlane,bradanlane@outlook.com,,New,Badge,2026 “Choose Your Own Charity” eChallengeCoin,tbd,https://aosc.cc/eccn2026,not at this time,proof of donation to a youth STEM charity of the person’s choosing,"All new text adventure game, “Sara and the Missing Artifacts”"
5/25/2026 16:13:04,BigTaro's Badges,bigtaro,bt@bigtaro.net,,New,Badge,Wordweaving Badge,https://bigtaro.net/wordweaving-badge,https://bigtaro.net/wordweaving-badge,,"For sale and giveaway, stay tuned!","Connect with other word weaving badges, full gameboy-style adventure game, CTF and more!"
5/25/2026 19:53:54,NilbinSec,@nferno2,nilbinsec@gmail.com,@nilbinsec on all the social medias,New,Badge,Spectre Sniffer,TBD,Announced Soon,Will be released Day 1 of Defcon on Nilbinsec Github,Badge Pre-orders with delivery at Defcon Approx $80,It will detect Ghosts! 
5/25/2026 19:56:22,NilbinSec,@nferno2,nilbinsec@gmail.com,@nilbinsec on all the socials,New,SAO,PAC MAN Ghost SAO,TBD,"No, FREE as in Beer!",Released on Nilbinsec Github Day 1 of DEF CON,We will be giving out 1000x of this SAO for free. Drops will be announced on social media as well as a supply of them being transferred to villages to give out.,N/A
5/25/2026 19:58:39,NilbinSec,@nferno2,nilbinsec@gmail.com,@nilbinsec on all the socials,New,SAO,Power Glove Re-release,N/A,N/A. FREE as in beer!,Will be posted to NilbinSec github Day 1 of DEF CON,FREE! We are giving away 500x Power Glove SAOs at DEF CON. Drops will be announced on Social Media as well as at the Badgelife VIllage.,N/A
5/25/2026 22:14:20,Zach Resmer,__fladnag,badgestuff@resmer.co.za,Mastodon: zachr@infosec.exchange,New,Badge,Monorail badge with sphere and high roller SAO,TBD,TBD,Doesn't have firmware ,~$50,"Monorail ticket storage clip, mini monorail that moves along a track, 1x extra SAO port"
5/25/2026 22:20:26,dani.pink,danpalm,palm12341@gmail.com,,New,Badge,Laser* Tag DS,,https://www.dani.pink/lasertag,,About $90,"Multiplayer laser* tag game at DEF CON, this time with LoRa and an extra screen on the back! Hardware has RP2350, Ebyte E220 LoRa module, round GC9A01 LCD on front + SSD1306 OLED on back, rechargeable 18650 battery, narrow beam IR, vibration motor, buzzer, and one semi-compliant SAO port."
5/26/2026 20:37:04,Xenu (team name is Lepi Labs),xenu,xenu@lepi-labs.com,Bluesky: lepi-labs.com,New,SAO,Soldering Canary (working title),,Not live yet but pre-sales will be at lepi-labs.com/shop,There will be,~$40,"Detects and reacts to VOCs in soldering fumes (for novelty use only, not as a reliable measurement)"
5/26/2026 20:39:07,Xenu (Lepi Labs),xenu,xenu@lepi-labs.com,Bluesky: lepi-labs.com,New,SAO,Moth UPDI programmer (working title),,Pre-sales will be at lepi-labs.com/shop,There will be,~$40,
5/27/2026 17:26:33,Hairline Moggers  (H4irl1n3 M0gg3r5),batman_14j,tshipway@gmail.com,,New,Badge,It's 2 badges.   A Zombie and a Survivor badge,NA,NA,There will be at a later date,$0 - will have to perform actions or find certain people to get a badge,"Two badges, one outbreak. The system is a paired CTF: one player wears Patient Zero, another wears a Survivor, and the challenge only resolves when they're in the same room.

Patient Zero — animated NeoPixel eyes, OLED facial expressions and zombie-groan piezo, three capacitive touch zones (TEMPLE / SPINE / CORTEX) that wake the infection with a neural-activation sequence, NFC bite-tag, and a 38kHz IR transmitter that fires HMAC-signed ""infection"" packets.

Survivor — e-ink quarantine dossier, 8-LED biohazard underglow ring, NFC defense tag, and IR receive-only (it can be bitten, never bite back).

How the badges interact:
1. Neural Activation — Patient Zero arms itself locally via the touch ritual.
2. Bite Pairing — Patient Zero and Survivor must physically tap NFC antennas for 2 seconds (≤5cm) to register the infection vector.
3. Infection Broadcast — Patient Zero beams a signed IR payload; any Survivor in line-of-sight picks it up, validates the HMAC, and turns.
4. The Infection Moment — when the Survivor accepts a valid packet:
    * the underglow ring shifts from green biohazard pulse to a slow red arterial throb,
    * the e-ink dossier redraws — the survivor's name is overstruck, the photo is replaced with a ""SPECIMEN"" header, and the badge's NFC tag rewrites to expose the infection signature so other survivors who scan it learn they've been exposed,
    * BLE advertising changes from SURVIVOR-xxxx to INFECTED-xxxx, so anyone with a phone scanner sees the outbreak spread across the conference floor in real time,
    * and — critically — the badge now reveals its half of the antidote grid. Infection is the prerequisite for solving the puzzle, not the failure state.
5. The Antidote — the encrypted flag is split across the two badges'. Neither badge can read the cure alone — you have to physically stand the two badges side-by-side to reconstruct the flag to cure yourself.

Companion SAO (for the official badge) — Brain in a Jar — a glowing brain that screams ""BRAINS!"" over IR on capacitive touch, using the same 38kHz protocol as Patient Zero so it can infect nearby Survivors without their host badge's permission.

No portal guns this year, but the Plumbus mount-point is reserved on Rev C."
6/2/2026 0:44:14,Call Center Village,Patrick,patrick.labbett@callcentervillage.com,@callcentervillage@defcon.social,New,SAO,The Call Center Village Telephone Booth SAO,,https://billing.calltheory.com/b/cNi8wOdNw213b1X5yj3VC05,https://git.calltheory.com/callcentervillage/shitty-add-on,"$5.00 kit, $10.00 pre-soldered","Small, light-up telephone booth"
6/4/2026 21:16:45,Floridaman,nothingness00,nothingness00@gmail.com,@jonathansinger,New,Badge,Floridaman 2026,,https://store.floridaman.party/,,$90.00 USD,NFC and Online Hackable Game
6/9/2026 9:24:38,H4r0ld & V3rbaal's House Of Hacker Horrors,@h4r0ld @v3rbaal,zoeytselman@gmail.com,@h4r0ld @v3rbaal,New,Badge,"EFF ""Electric Fist"" BadgeLife (DEF CON 34)",,https://badgelife.eventbrite.com,,$70 — proceeds donated to Electronic Frontier Foundation (EFF),
6/9/2026 9:29:32,H4r0ld & V3rbaal's House Of Hacker Horrors,@h4r0ld @v3rbaal,zoeytselman@gmail.com,@h4r0ld @v3rbaal,New,Badge,"EFF ""All Your Data"" BadgeLife (DEF CON 33 Rerun)",,https://badgelife.eventbrite.com,,$70 — proceeds will be donated to Electronic Frontier Foundation (EFF),
6/9/2026 9:32:56,H4r0ld & V3rbaal's House Of Hacker Horrors,@h4r0ld @v3rbaal,zoeytselman@gmail.com,@h4r0ld @v3rbaal,New,Badge,"EFF ""Privacy Badger"" BadgeLife (DEF CON 32 Rerun)",,https://badgelife.eventbrite.com,,$70 — proceeds will be donated to Electronic Frontier Foundation (EFF),
6/13/2026 6:13:57,Bradán Lane STUDIO,bradanlane,bradanlane@outlook.com,@bradanlane,New,Badge,2026 eChallengeCoin,https://aosc.cc/eccn2026,https://aosc.cc/cyoc.html,not at this time,$100 or more,Full Text Adventure Game - Sara and the Missing Artifacts
6/16/2026 12:51:03,Uberfoo Heavy Industries,lipo,James@uberfoo.net,,New,Badge,Shitty Kitty V2,,https://uberflux.com/product/UF-SK2,,75,
6/16/2026 16:23:33,Hak4Kidz Lab,healwhans,healwhans@hak4kidz.com,"x.com/hak4kidz, linkedin.com/company/hak4kidz",New,SAO,Star Trek SAO Phaser v2.2,https://youtube.com/shorts/N2FldDU5t80?feature=share,Purchase from Hacker Warehouse at DEF CON,No,$35,No
6/16/2026 17:31:31,seeess + gigs,seeess,seeess@torproject.org,twitter @see_ess,New,Badge,Tipsy Badge,https://www.youtube.com/watch?v=PIN-Ia04JUs,https://hackerwarehouse.com/product/tipsy-badge/,https://github.com/seeess/Defcon-Tipsy-33-Badge,This will be sold at hacker warehouse's booth,"This badge includes electrodes you put behind your ears to throw off your balance. You can steer people around in the left and right directions. It has include games, LED modes, and pictures (which you can load your own)"
6/19/2026 17:04:26,ParallelLogic,ParallelLogic,parallellogic@gmail.com,https://github.com/parallellogic-/,New,SAO,MalO,TBR,https://uberflux.com/product/PL-1471,https://github.com/parallellogic-/MalO_SAO,$50,IR Chat
6/21/2026 16:25:29,Hackin7,Hackin7,zunmun@gmail.com,,New,Badge,hfsdr,,,https://github.com/rhgndf/hfsdr,"approx 75USD with battery, 65USD without battery",SDR that can receive from 0-300MHz signals 
6/22/2026 20:21:06,WyrdWyrks,,Blakeb130@gmail.com,,New,Badge,Celestial Wayfinder Badge,TBD,https://wyrdwyrks.com/celestial-wayfinder.html,https://github.com/Blake-Ballew/Celestial-Wayfinder,"price will be in $100-$150 range, TBD. Pre-orders will be made on the website and collected at def con reddit meetup and/or networking bar",LoRa mesh networking device. Send location tagged messages to your friends and a ring of LEDs will guide you to them. cyberpunk inspired tech
6/23/2026 12:45:55,DC801 + 801 Labs,Pips801,pips@801labs.org,,New,Badge,Helgatchi,,https://dc801.store,https://github.com/Pips801/Helgatchi,Approx. $120-$150,"A portable, hand-held BLE beacon and WiFi AP scanner/hunter, with built-in alerting, 1.69” full-color screen, and external SMA-RP antenna all powered by the XIAO ESP32-S3.

The Helgatchi will passively scan for BLE devices and WiFi SSIDs/APs, and alert when specific Manufacturers, naming schemes, or services are discovered."
6/23/2026 22:56:50,BIC Village ,shyft_xero,shyft@shyft.us,,New,SAO,TBD,,,,20-25,
6/26/2026 15:46:45,"Coruscant Productions, LLC",n/a,coruscantproductions@gmail.com,defcon.social/@clipboy,New,Badge,Clip-Boy,https://www.youtube.com/watch?v=mVFxb8wNfNw,https://clip.brycebadges.com,https://flash.brycebadges.com/,$120,"Wrist-mounted, wasteland-inspired electronic badge with WiFi + Bluetooth research tools, 3D code scanner, 90+ collectibles, a theremin, on-badge puzzles and loads of awful jokes, puns, in-references and fan service. Also, a (very specific type of) radiation detector. Made by the same teen who did Space Badge for DC33. Proceeds support Bryce's college fund!"
7/1/2026 0:04:38,Rex,,Kniveslikebutterflies@gmail.com,u/Truth-Miserable on reddit,Update to Existing,SAO,MF Doom SAO v2,https://www.reddit.com/r/Defcon/s/a0eip2aahY,Coming soon,,$20,
7/3/2026 9:34:53,Whose Slide Is It Anyway?,rand0h,Danny.Akacki@gmail.com,rand0h@defcon.social,New,Badge,Whose Slide Is It Anyway 10 Year Anniversary Badge,https://www.youtube.com/watch?v=GrN6yD06NBM,https://wsiiax.myshopify.com/,Not yet ,"$75 pre-con, stupid human tricks during con.","For such a tiny speaker, it’s pretty goddamn loud when you hit the GONG! button. 24 LED’s doing a light show every time a sound effect plays ensures nobody will miss you in a crowd. "
7/5/2026 15:40:55,WyrdWyrks,therisendead,blakeb130@gmail.com,Mastodon: @wyrdwyrks@mastodon.social,Update to Existing,Badge,Celestial Wayfinder Badge,https://www.youtube.com/watch?v=4n-zAqWz_Tc,https://wyrdwyrks.com/celestial-wayfinder/,https://github.com/WyrdWyrks/Celestial-Wayfinder,Complete: $150 DIY: $125,Ping location-tagged messages over a LoRa mesh. A ring of LEDs acts as the compass leading the way.
7/5/2026 17:19:17,RivaClan,Caelyb,caelyb@caelyb.com,Insta: @caelybr,New,Badge,Not Just a Crosswalk,https://cdn.discordapp.com/attachments/614861657004310530/1512614773915652228/IMG_2982.mov?ex=6a4ba009&is=6a4a4e89&hm=a4dca3b820a3f9e9f690449d089838d2bd432553027ad043e860dad4b5a172af&,https://ko-fi.com/caelybr,https://github.com/keeloi79/not-a-crosswalk-sao,$35,Can be powered by USB-C and worn as a badge or used as an SAO and powered by the host badge SAO port.
7/5/2026 17:22:50,RivaClan,Caelyb,caelyb@caelyb.com,Insta: @caelybr,New,SAO,#NoIce,https://cdn.discordapp.com/attachments/342354987726405642/1522091617035485324/signal-2026-07-02-000502.mov?ex=6a4bd308&is=6a4a8188&hm=89434cb03f45528459f62902220b53dbfc9383c5a416b36cc5fb3a0194ada194&,https://ko-fi.com/caelybr,https://github.com/keeloi79/no-ice-sao,$20,
7/5/2026 17:36:18,MakeItHackin,MakeItHackin,andrew@makeithackin.com,@makeithackin on everything,New,Badge,Original Series Tricorder badge,TBD,On-site at DEF CON through Hacker Warehouse ,TBD,Approximately $125,Celebrate 60 years of Star Trek with this Original Series Tricorder Badge featuring various sensors!
7/5/2026 17:38:26,MakeItHackin and DannerCronise,makeithackin,andrew@makeithackin.com,@makeithackin and @dannercronise,New,SAO,Root Access SAO,TBD,On-site at DEF CON through Hacker Warehouse,TBD,Approximately $50,"An interactive SAO for DEF CON 34's badge.  SAO acts as an interface to the badge.  Contains part PCB, part real wood, for a rooty tooty good time."
7/6/2026 17:41:17,Xenu (team name is Lepi Labs),xenu,xenu@lepi-labs.com,Bluesky: @lepi-labs.com,Update to Existing,SAO,UPDeeDeeI SAO,,https://uberflux.com/product/LEPI-dc34-moth,https://github.com/lepi-labs/6-dc34-moth-badge,$35,"UPDI programmer, FPC tongue with functional USB cable"
7/6/2026 19:43:25,Zach R,__fladnag,badgestuff@resmer.co.za,,Update to Existing,Badge,Monorail Con Badge,,http://zachs-hacks.myshopify.com/,,$65,
7/6/2026 21:37:08,Coruscant Ventures,vor_t3x1,JA@vortex1.dev,u/MorningMother8622 on redit,Update to Existing,Badge,SaO MANY SAOs,,people can Venmo me @Vor_tex1,https://github.com/vortexcodes,80 usd,"25 sao slots, 360x360mm size, "
7/7/2026 11:13:44,BigFuckingBadge,Hexum064,bfb.team.public@gmail.com,Info@bigfuckingbadge.com,New,Badge,PORTAL Badge ,,www.bigfuckingbadge.com,https://gitlab.com/hexum-public-share/bfb/dc34/public/badge/portal-badge,"$120 presale, $150 at the con",Super big. Lots of sounds. PORTAL gun SAO interactions 
7/7/2026 11:16:16,BigFuckingBadge ,Hexum064,bfb.team.public@gmail.com,,New,SAO,PORTAL gun SAO,,www.bigfuckingbadge.com,"https://github.com/Hexum064/portal-gun-sao-dc33, https://github.com/Hexum064/portal-gun-sao-dc33-code",$20,Changes animated colors when end it touched. Interactions with PORTAL Badge 
7/7/2026 11:18:23,BigFuckingBadge ,Hexum064,bfb.team.public@gmail.com,,New,SAO,DFIU SAO,,www.bigfuckingbadge.com,"https://github.com/Hexum064/dfiu-ch32v003-pcb, https://github.com/Hexum064/dfiu-ch32v003-code",$20,"If you touch Lintile's face, it plays the ""don't fuck it up"" chant."
7/7/2026 11:20:56,BigFuckingBadge ,Hexum064,bfb.team.public@gmail.com,,Update to Existing,SAO,IFLFU SAO,,www.bigfuckingbadge.com,"https://github.com/Hexum064/iflfu-v2-pfc161, https://github.com/Hexum064/iflfu-hardware",$20,"Illuminates the words ""I FUCKING LOVE FUCKING YOU"" but both ""FUCKING""s are illuminated randomly."
7/10/2026 18:13:51,NilbinSec,Nferno2,nilbinsec@gmail.com,,Update to Existing,Badge,Spectre Sniffer,,https://uberflux.com/product/NS-SpectreSniffer,,$80,
7/14/2026 14:37:42,Hak4Kidz Lab,healwhans,healwhans@hak4kidz.com,"x.com/hak4kidz, linkedin.com/company/hak4kidz",New,Badge,Masonic33 Puzzle Badge,No,https://forms.gle/spmnMTaADVngRYsB8,No,125,"4 puzzles, blindingly bright lights on the front."
7/18/2026 15:28:20,FakeBobby,Hogfillet,Dc34@fakebobby.com,@hogfillet,New,SAO,HTP Graffiti,https://youtu.be/ufYH1n0A5JY,https://uberflux.com/product/HTP-DC34,,$24,Button for badge that may or may not do anything…
7/18/2026 16:43:45,Darknet-NG,Boko,dcbokonon@gmail.com,https://discord.gg/BgQMDABx3v,New,SAO,Darknet-NG SMAO,,https://uberflux.com/product/DNNG-SMAO,Not yet,$55,A full Meshtastic node on an SAO
7/22/2026 1:18:07,coryallegory,coryallegory,corymetcalfe@gmail.com,https://x.com/coryallegory     https://bsky.app/profile/coryallegory.bsky.social,New,SAO,Metropolis AI SAO,,https://uberflux.com/product/CGORY-METROPOLISSAO,,20,
7/22/2026 1:26:05,coryallegory,coryallegory,corymetcalfe@gmail.com,"@coryallegory on twitter, bluesky, discord",New,SAO,Viber Coder Dog SAO,,https://uberflux.com/product/CGORY-VIBECODERDOG,,15,
7/22/2026 10:52:12,GameChangersAI,OhYou_,info@userexport.zip,,New,Badge,TBD,,,printed on badge sorry,"badge is free with a cash donation to our 501(c)(3) 
amount tbd ~$100",
7/22/2026 12:55:43,alee97422 ,,Alee97422@gmail.com,,Update to Existing,Badge,Breadbadge,,,,80$,Geared toward quick breadboard prototyping 
7/23/2026 20:48:56,Gothcon,@vylanis,claviger@perimetergrid.com,"x.com/@dcgothcon, https://bsky.app/profile/dcgothcon.bsky.social",New,Badge,Gothcon 2026 Badge,https://imgur.com/a/z90WSN9,https://gothconbadge.myshopify.com/,https://github.com/claviger/gothcon-firmware,$80 as a fundraiser for the Gothcon party,
7/25/2026 12:09:12,Beverage Cooling Contraption Contest,the_ames,ames@aerospacevenoms.com,,New,SAO,Beer SAO,,https://uberflux.com/product/BUD-BEER-SAO,https://github.com/aerospace-venoms/BCCC_Temperature_SAO,$10,"Waterproof temperature probe, for measuring your beer temp in real-time. Rectal use optional but encouraged. "
7/29/2026 0:24:05,Blue Team Village,,info@blueteamvillage.org,https://discord.gg/blueteamvillage,New,Badge,BTV Camera Badge,,https://www.eventbrite.com/e/1995859982936,,$120 assembled; $60 kit (intermediate/advanced),"detects Flippers, deauth packets"
7/30/2026 19:44:06,Red Team Village,.0bli,0bli@redteamvillage.io,,New,Badge,RTV D20 ,https://x.com/RedTeamVillage_/status/2080676962515706010,On Site at DEF CON at RTV,,$80,
7/30/2026 21:08:24,Puzzled Hackers,Killroy7777,badgelife@puzzledhackers.org,https://puzzledhackers.org,New,Badge,Puzzled Hackers x /r/DEFCON Subreddit Meetup,https://www.reddit.com/r/Defcon/comments/1vabhd6/rdefcon_meetup_post_4_final_badges_and_information/,https://ctf.puzzledhackers.org/badge,,$20,
7/31/2026 13:17:37,distinctm1nd,distinctm1nd,distinctm1nd@pm.me,,New,Badge,Beelzebub Minibadge Holder,,https://ghoul.lol/,https://github.com/distinctm1nd/beelzebub_minibadge_holder,$45,"Pre-orders will be available to pickup at DC.. Note, that this is a Saintcon Minibadge Holder"
7/31/2026 13:20:05,distinctm1nd,distinctm1nd,distinctm1nd@pm.me,,New,Badge,Krampus Minibadge Holder,,https://ghoul.lol/,https://github.com/distinctm1nd/krampus_minibadge_holder,$45,Preorders can be picked up at DC. Note that this is a Saintcon Minibadge Holder that will require a small amount of soldering
7/31/2026 13:22:41,distinctm1nd,distinctm1nd,distinctm1nd@pm.me,,New,Badge,"Day of the Dead Turkey v1, v2",,https://ghoul.lol/,,$12,Preorders can be picked up at DC. Note that this can either be a standalone (small) badge or a Saintcon minibadge 
8/4/2026 15:32:22,Lockheed Martin - Aeronautics Cyber Range (ACR),_phlux,cschwartz247@gmail.com,https://x.com/aerocyberrange?s=11,New,Badge,SR-71,No,No,Available after the con,Badge is only winnable. Lockheed Martin's ACR team is hosting a CTF competition at our booth in the Aerospace Village and on our Discord at https://discord.gg/9sXEPUeW9.,Badge contains a TCG type game using NFC peer-to-peer and NFC reader modes. Obtain a full card collection to be entered into a raffle for a ton of Lockheed Martin and ACR swag.
8/4/2026 21:44:59,ParallelLogic,ParallelLogic,parallellogic@gmail.com,,Update to Existing,SAO,MalO SAO,https://www.youtube.com/watch?v=lrK-HDk0pKE,,,,
8/5/2026 9:44:34,GhostGlitch,,contact@ghostglitch.net,GhostGlitch.net,New,SAO,Mr. Cactus,,Nope!,,One Social Interaction,"Boopable, Blinkenlights"
8/5/2026 13:31:14,GameChangersAI,OhYou_,info@userexport.zip,@ me in #linecon or something ,Update to Existing,Badge,Friend or Foe Badge,Creator Stage 6 on Saturday at 4pm :^) ,,https://github.com/lnxgod/friendorfoe,"badge is free with a cash donation to our 501(c)(3) 
amount $100","Situational awareness of BLE/wlan devices that can affect wearer privacy. Can operate standalone, on android over usb-c, or at home/on networks over wifi"
8/6/2026 14:40:33,umecider,,umec1der@proton.me,,New,SAO,ChiikawaV1,,,,Trade/Free (sing a specific song),
8/7/2026 18:08:13,Abhinav Panda / Hackerware.io,abhinav_panda,abhinav@hackerwares.in,Twitter: TweetsFromPanda,New,Badge,Noob Village Name Tag Badge,https://www.noobvillage.org/badges,,https://www.noobvillage.org/badges,Free giveaway at Noob Village,Name Tag + Learn To Solder Kit + NFC Tag
8/7/2026 18:19:26,Abhinav Panda / Hackerware.io,abhinav_panda,abhinav@hackerwares.in ,Twitter: TweetsFromPanda,New,Badge,Prophet AI Badge,https://x.com/TweetsFromPanda/status/2085867981016375706,https://hackerware.io/prophet-ai,https://hackerware.io/prophet-ai,Free Giveaways,
8/7/2026 18:21:39,Abhinav Panda / Hackerware.io,abhinav_panda,abhinav@hackerwares.in ,Twitter: TweetsFromPanda,New,Badge,Bug Bounty Village Badge,https://x.com/BugBountyDEFCON/status/2085018218762997884?s=20,,,Free Giveaway,Full colour acrylic layer with a CTF and programmable RGB lights
8/7/2026 18:32:40,Abhinav Panda / Hackerware.io,abhinav_panda,abhinav@hackerwares.in ,Twitter: TweetsFromPanda,New,Badge,Flare Blinky Badge,https://www.linkedin.com/posts/abhinavpandagale_badgelife-ugcPost-7491636243009744897-nu2v/?utm_source=social_share_send&utm_medium=member_desktop_web&rcm=ACoAAB3fw5gBqJoYA61FQdWI5EpucBJXh1UrtDQ,,,,
8/7/2026 18:35:59,Abhinav Panda / Hackerware.io,abhinav_panda,abhinav@hackerwares.in ,Twitter: TweetsFromPanda,New,Badge,Flare CTF Badge,https://x.com/TweetsFromPanda/status/2085872320854298753?s=20,,,,Laser engraved acrylic layer on top of full colour printed PCB
8/7/2026 18:39:46,Abhinav Panda / Hackerware.io,abhinav_panda,abhinav@hackerwares.in ,Twitter: TweetsFromPanda,New,Badge,AI Village Blinky Badge & SAO,,,,,
8/7/2026 18:45:52,Abhinav Panda / Hackerware.io,abhinav_panda,abhinav@hackerwares.in ,Twitter: TweetsFromPanda,New,Badge,Arcanum Badge,https://x.com/TweetsFromPanda/status/2085874637951373502?s=20,,Hackerware.io/arcanum,"Free giveaways, follow Arcanum and Jhaddix handles","3 layers of acrylic, lights and art in motion, adorned with gemstones"
8/7/2026 18:51:28,Abhinav Panda / Hackerware.io,abhinav_panda,abhinav@hackerwares.in ,Twitter: TweetsFromPanda,New,SAO,Malware Village SAO,https://x.com/MalwareVillage/status/2084504450207744455?s=20,Visit Malware Village at DEF CON,,,
8/7/2026 18:52:28,Abhinav Panda / Hackerware.io,abhinav_panda,abhinav@hackerwares.in ,Twitter: TweetsFromPanda,New,SAO,T-Mobile Unicorn SAO,,,,,